[
    {
        "title": "A",
        "btn": "Get start",
        "icoin": "fa-solid fa-a"
    },
    {
        "title": "B",
        "btn": "Get start",
        "icoin": "fa-solid fa-b"
    },
    {
        "title": "C",
        "btn": "Get start",
        "icoin": "fa-solid fa-c"
    },
    {
        "title": "D",
        "btn": "Get start",
        "icoin": "fa-solid fa-d"
    },
    {
        "title": "E",
        "btn": "Get start",
        "icoin": "fa-solid fa-e"
    },
    {
        "title": "F",
        "btn": "Get start",
        "icoin": "fa-solid fa-f"
    },
    {
        "title": "G",
        "btn": "Get start",
        "icoin": "fa-solid fa-g"
    },
    {
        "title": "H",
        "btn": "Get start",
        "icoin": "fa-solid fa-h"
    },
    {
        "title": "I",
        "btn": "Get start",
        "icoin": "fa-solid fa-i"
    },
    {
        "title": "J",
        "btn": "Get start",
        "icoin": "fa-solid fa-j"
    },
    {
        "title": "K",
        "btn": "Get start",
        "icoin": "fa-solid fa-k"
    },
    {
        "title": "L",
        "btn": "Get start",
        "icoin": "fa-solid fa-l"
    },
    {
        "title": "M",
        "btn": "Get start",
        "icoin": "fa-solid fa-m"
    },
    {
        "title": "N",
        "btn": "Get start",
        "icoin": "fa-solid fa-n"
    },
    {
        "title": "O",
        "btn": "Get start",
        "icoin": "fa-solid fa-o"
    },
    {
        "title": "P",
        "btn": "Get start",
        "icoin": "fa-solid fa-p"
    },
    {
        "title": "Q",
        "btn": "Get start",
        "icoin": "fa-solid fa-q"
    },
    {
        "title": "R",
        "btn": "Get start",
        "icoin": "fa-solid fa-r"
    },
    {
        "title": "S",
        "btn": "Get start",
        "icoin": "fa-solid fa-s"
    },
    {
        "title": "T",
        "btn": "Get start",
        "icoin": "fa-solid fa-t"
    },
    {
        "title": "U",
        "btn": "Get start",
        "icoin": "fa-solid fa-u"
    },
    {
        "title": "V",
        "btn": "Get start",
        "icoin": "fa-solid fa-v"
    },
    {
        "title": "W",
        "btn": "Get start",
        "icoin": "fa-solid fa-w"
    }
]