[
    {
      "title": "Lesson-1",
      "icoin": "fa-solid fa-book-open",
      "btn": "Get start"
    },
    {
      "title": "Lesson-2",
      "icoin": "fa-solid fa-book-open",
      "btn": "Get start"
    },
    {
      "title": "Lesson-3",
      "icoin": "fa-solid fa-book-open",
      "btn": "Get start"
    },
    {
      "title": "Lesson-4",
      "icoin": "fa-solid fa-book-open",
      "btn": "Get start"
    },
    {
      "title": "Lesson-5",
      "icoin": "fa-solid fa-book-open",
      "btn": "Get start"
    },
    {
      "title": "Lesson-6",
      "icoin": "fa-solid fa-book-open",
      "btn": "Get start"
    },
    {
      "title": "Lesson-7",
      "icoin": "fa-solid fa-book-open",
      "btn": "Get start"
    },
    {
      "title": "Lesson-8",
      "icoin": "fa-solid fa-book-open",
      "btn": "Get start"
    },
    {
      "title": "Lesson-9",
      "icoin": "fa-solid fa-book-open",
      "btn": "Get start"
    },
    {
      "title": "Lesson-10",
      "icoin": "fa-solid fa-book-open",
      "btn": "Get start"
    },
    {
      "title": "Lesson-11",
      "icoin": "fa-solid fa-book-open",
      "btn": "Get start"
    },
    {
      "title": "Lesson-12",
      "icoin": "fa-solid fa-book-open",
      "btn": "Get start"
    },
    {
      "title": "Lesson-13",
      "icoin": "fa-solid fa-book-open",
      "btn": "Get start"
    },
    {
      "title": "Lesson-14",
      "icoin": "fa-solid fa-book-open",
      "btn": "Get start"
    },
    {
      "title": "Lesson-15",
      "icoin": "fa-solid fa-book-open",
      "btn": "Get start"
    },
    {
      "title": "Lesson-16",
      "icoin": "fa-solid fa-book-open",
      "btn": "Get start"
    },
    {
      "title": "Lesson-17",
      "icoin": "fa-solid fa-book-open",
      "btn": "Get start"
    },
    {
      "title": "Lesson-18",
      "icoin": "fa-solid fa-book-open",
      "btn": "Get start"
    },
    {
      "title": "Lesson-19",
      "icoin": "fa-solid fa-book-open",
      "btn": "Get start"
    },
    {
      "title": "Lesson-20",
      "icoin": "fa-solid fa-book-open",
      "btn": "Get start"
    },
    {
      "title": "Lesson-21",
      "icoin": "fa-solid fa-book-open",
      "btn": "Get start"
    },
    {
      "title": "Lesson-22",
      "icoin": "fa-solid fa-book-open",
      "btn": "Get start"
    },
    {
      "title": "Lesson-23",
      "icoin": "fa-solid fa-book-open",
      "btn": "Get start"
    },
    {
      "title": "Lesson-24",
      "icoin": "fa-solid fa-book-open",
      "btn": "Get start"
    },
    {
      "title": "Lesson-25",
      "icoin": "fa-solid fa-book-open",
      "btn": "Get start"
    },
    {
      "title": "Lesson-26",
      "icoin": "fa-solid fa-book-open",
      "btn": "Get start"
    },
    {
      "title": "Lesson-27",
      "icoin": "fa-solid fa-book-open",
      "btn": "Get start"
    },
    {
      "title": "Lesson-28",
      "icoin": "fa-solid fa-book-open",
      "btn": "Get start"
    },
    {
      "title": "Lesson-29",
      "icoin": "fa-solid fa-book-open",
      "btn": "Get start"
    },
    {
      "title": "Lesson-31",
      "icoin": "fa-solid fa-book-open",
      "btn": "Get start"
    }
  ]
  