[
  {
    "id": "1",
    "title": "A",
    "icoin": "fa-solid fa-a"
  },
  {
    "id": "2",
    "title": "B",
    "icoin": "fa-solid fa-b"
  },
  {
    "id": "3",
    "title": "C",
    "icoin": "fa-solid fa-c"
  },
  {
    "id": "4",
    "title": "D",
    "icoin": "fa-solid fa-d"
  },
  {
    "id": "5",
    "title": "E",
    "icoin": "fa-solid fa-e"
  },
  {
    "id": "6",
    "title": "F",
    "icoin": "fa-solid fa-f"
  },
  {
    "id": "7",
    "title": "G",
    "icoin": "fa-solid fa-g"
  },
  {
    "id": "8",
    "title": "H",
    "icoin": "fa-solid fa-h"
  },
  {
    "id": "9",
    "title": "I",
    "icoin": "fa-solid fa-i"
  },
  {
    "id": "10",
    "title": "J",
    "icoin": "fa-solid fa-j"
  },
  {
    "id": "11",
    "title": "K",
    "icoin": "fa-solid fa-k"
  },
  {
    "id": "12",
    "title": "L",
    "icoin": "fa-solid fa-l"
  },
  {
    "id": "13",
    "title": "M",
    "icoin": "fa-solid fa-m"
  },
  {
    "id": "14",
    "title": "N",
    "icoin": "fa-solid fa-n"
  },
  {
    "id": "15",
    "title": "O",
    "icoin": "fa-solid fa-o"
  },
  {
    "id": "16",
    "title": "P",
    "icoin": "fa-solid fa-p"
  },
  {
    "id": "17",
    "title": "Q",
    "icoin": "fa-solid fa-q"
  },
  {
    "id": "18",
    "title": "R",
    "icoin": "fa-solid fa-r"
  },
  {
    "id": "19",
    "title": "S",
    "icoin": "fa-solid fa-s"
  },
  {
    "id": "20",
    "title": "T",
    "icoin": "fa-solid fa-t"
  },
  {
    "id": "21",
    "title": "U",
    "icoin": "fa-solid fa-u"
  },
  {
    "id": "22",
    "title": "V",
    "icoin": "fa-solid fa-v"
  },
  {
    "id": "23",
    "title": "W",
    "icoin": "fa-solid fa-w"
  }
]