[
  {
    "id": "1",
    "title": "A"
  },
  {
    "id": "2",
    "title": "B"
  },
  {
    "id": "3",
    "title": "C"
  },
  {
    "id": "4",
    "title": "D"
  },
  {
    "id": "5",
    "title": "E"
  },
  {
    "id": "6",
    "title": "F"
  },
  {
    "id": "7",
    "title": "G"
  },
  {
    "id": "8",
    "title": "H"
  },
  {
    "id": "9",
    "title": "I"
  },
  {
    "id": "10",
    "title": "J"
  },
  {
    "id": "11",
    "title": "K"
  },
  {
    "id": "12",
    "title": "L"
  },
  {
    "id": "13",
    "title": "M"
  },
  {
    "id": "14",
    "title": "N"
  },
  {
    "id": "15",
    "title": "O"
  },
  {
    "id": "16",
    "title": "P"
  },
  {
    "id": "17",
    "title": "Q"
  },
  {
    "id": "18",
    "title": "R"
  },
  {
    "id": "19",
    "title": "S"
  },
  {
    "id": "20",
    "title": "T"
  },
  {
    "id": "21",
    "title": "U"
  },
  {
    "id": "22",
    "title": "V"
  },
  {
    "id": "23",
    "title": "W"
  }
]