[
    {
        "id": "0",
        "sorename": "Shakhnoza",
        "password": "330711770"
    },
    {
        "id": "1",
        "password": "729408",
        "name": "Shuhratova",
        "sorename": "Odina",
        "group": "1",
        "time": "8:30",
        "class": "21",
        "teacher": "Shakhnoza"
    },
    {
        "id": "2",
        "password": "1503749",
        "name": "Shuhratov",
        "sorename": "Ismoil",
        "group": "1",
        "time": "8:30",
        "class": "21",
        "teacher": "Shakhnoza"
    },
    {
        "id": "3",
        "password": "63924819",
        "name": "Abduvositov",
        "sorename": "Shohruz",
        "group": "1",
        "time": "8:30",
        "class": "21",
        "teacher": "Shakhnoza"
    },
    {
        "id": "4",
        "password": "740183",
        "name": "Akbarov",
        "sorename": "Nodirkhon",
        "group": "1",
        "time": "8:30",
        "class": "21",
        "teacher": "Shakhnoza"
    },
    {
        "id": "5",
        "password": "985471",
        "name": "Abdusomatova",
        "sorename": "Aziza",
        "group": "1",
        "time": "8:30",
        "class": "21",
        "teacher": "Shakhnoza"
    },
    {
        "id": "6",
        "password": "63021943",
        "name": "Melmamatov",
        "sorename": "Sunnat",
        "group": "1",
        "time": "8:30",
        "class": "21",
        "teacher": "Shakhnoza"
    },
    {
        "id": "7",
        "password": "4986201",
        "name": "Sadriddinova",
        "sorename": "Mokhinur",
        "group": "1",
        "time": "8:30",
        "class": "21",
        "teacher": "Shakhnoza"
    },
    {
        "id": "8",
        "password": "29063147",
        "name": "Bakiyeva",
        "sorename": "Amaliya",
        "group": "1",
        "time": "8:30",
        "class": "21",
        "teacher": "Shakhnoza"
    },
    {
        "id": "9",
        "password": "837402",
        "name": "Abduxamidov",
        "sorename": "Jasur",
        "group": "1",
        "time": "8:30",
        "class": "21",
        "teacher": "Shakhnoza"
    },
    {
        "id": "10",
        "password": "519307624",
        "name": "Xudoyberdiyev",
        "sorename": "Nodir",
        "group": "1",
        "time": "8:30",
        "class": "21",
        "teacher": "Shakhnoza"
    },
    {
        "id": "11",
        "password": "973208",
        "name": "Begmatova",
        "sorename": "Maftuna",
        "group": "3",
        "time": "?",
        "class": "21",
        "teacher": "Shakhnoza"
    },
    {
        "id": "12",
        "password": "6820413",
        "name": "Kimsanboyeva",
        "sorename": "Farzona",
        "group": "3",
        "time": "?",
        "class": "21",
        "teacher": "Shakhnoza"
    },
    {
        "id": "13",
        "password": "5319267",
        "name": "Raximboyeva",
        "sorename": "Farangiz",
        "group": "3",
        "time": "?",
        "class": "21",
        "teacher": "Shakhnoza"
    },
    {
        "id": "14",
        "password": "49021798",
        "name": "Otahodjaeva",
        "sorename": "Madina",
        "group": "3",
        "time": "?",
        "class": "21",
        "teacher": "Shakhnoza"
    },
    {
        "id": "15",
        "password": "21803764",
        "name": "Saidova",
        "sorename": "Dilruh",
        "group": "3",
        "time": "?",
        "class": "21",
        "teacher": "Shakhnoza"
    },
    {
        "id": "16",
        "password": "674301",
        "name": "Raxmatullayeva",
        "sorename": "Dilnura",
        "group": "3",
        "time": "?",
        "class": "21",
        "teacher": "Shakhnoza"
    },
    {
        "id": "17",
        "password": "30857192",
        "name": "Mirzaeva",
        "sorename": "Jasmin",
        "group": "3",
        "time": "?",
        "class": "21",
        "teacher": "Shakhnoza"
    },
    {
        "id": "18",
        "password": "950241",
        "name": "Raimova",
        "sorename": "Shodiena",
        "group": "3",
        "time": "?",
        "class": "21",
        "teacher": "Shakhnoza"
    },
    {
        "id": "19",
        "password": "784365",
        "name": "Shoyakubov",
        "sorename": "Botir",
        "group": "3",
        "time": "?",
        "class": "21",
        "teacher": "Shakhnoza"
    },
    {
        "id": "20",
        "password": "435621",
        "name": "Ibragimov",
        "sorename": "Umid",
        "group": "3",
        "time": "?",
        "class": "21",
        "teacher": "Shakhnoza"
    },
    {
        "id": "21",
        "password": "21049678",
        "name": "Mirtemirov",
        "sorename": "Abubakr",
        "group": "3",
        "time": "?",
        "class": "21",
        "teacher": "Shakhnoza"
    },
    {
        "id": "22",
        "password": "9021376",
        "name": "Xolmatov",
        "sorename": "Buned",
        "group": "3",
        "time": "?",
        "class": "21",
        "teacher": "Shakhnoza"
    },
    {
        "id": "23",
        "password": "8062137",
        "name": "Begmatova",
        "sorename": "Madina",
        "group": "4",
        "time": "2:30",
        "class": "21",
        "teacher": "Shakhnoza"
    },
    {
        "id": "24",
        "password": "1870539",
        "name": "H",
        "sorename": "Dildora",
        "group": "4",
        "time": "2:30",
        "class": "21",
        "teacher": "Shakhnoza"
    },
    {
        "id": "25",
        "password": "49872031",
        "name": "Umarova",
        "sorename": "Bibiyosha",
        "group": "4",
        "time": "2:30",
        "class": "21",
        "teacher": "Shakhnoza"
    },
    {
        "id": "26",
        "password": "6907421",
        "name": "M",
        "sorename": "Mukhayo",
        "group": "4",
        "time": "2:30",
        "class": "21",
        "teacher": "Shakhnoza"
    },
    {
        "id": "27",
        "password": "973280",
        "name": "Musamukhammadov",
        "sorename": "N",
        "group": "4",
        "time": "2:30",
        "class": "21",
        "teacher": "Shakhnoza"
    },
    {
        "id": "28",
        "password": "87014326",
        "name": "Alibekova",
        "sorename": "Laura",
        "group": "4",
        "time": "2:30",
        "class": "21",
        "teacher": "Shakhnoza"
    },
    {
        "id": "29",
        "password": "3204967",
        "name": "Otahonova",
        "sorename": "Fariza",
        "group": "4",
        "time": "2:30",
        "class": "21",
        "teacher": "Shakhnoza"
    },
    {
        "id": "30",
        "password": "47659123",
        "name": "Najmiddinov",
        "sorename": "S",
        "group": "4",
        "time": "2:30",
        "class": "21",
        "teacher": "Shakhnoza"
    },
    {
        "id": "31",
        "password": "25149837",
        "name": "Karimjonov",
        "sorename": "Abdulloh",
        "group": "4",
        "time": "2:30",
        "class": "21",
        "teacher": "Shakhnoza"
    },
    {
        "id": "32",
        "password": "843967",
        "name": "Hamidullayeva",
        "sorename": "Muslima",
        "group": "4",
        "time": "2:30",
        "class": "21",
        "teacher": "Shakhnoza"
    },
    {
        "id": "33",
        "password": "6213495",
        "name": "Nosirov",
        "sorename": "Saidkamol",
        "group": "4",
        "time": "2:30",
        "class": "21",
        "teacher": "Shakhnoza"
    },
    {
        "id": "34",
        "password": "6729801",
        "name": "Otahonov",
        "sorename": "Fozilxon",
        "group": "5",
        "time": "4:00",
        "class": "21",
        "teacher": "Shakhnoza"
    },
    {
        "id": "35",
        "password": "3109284",
        "name": "Saidov",
        "sorename": "Davron",
        "group": "5",
        "time": "4:00",
        "class": "21",
        "teacher": "Shakhnoza"
    },
    {
        "id": "36",
        "password": "8574190",
        "name": "Abdullaeva",
        "sorename": "Gulrukh",
        "group": "5",
        "time": "4:00",
        "class": "21",
        "teacher": "Shakhnoza"
    },
    {
        "id": "37",
        "password": "2814609",
        "name": "Bakhtierov",
        "sorename": "Olimjon",
        "group": "5",
        "time": "4:00",
        "class": "21",
        "teacher": "Shakhnoza"
    },
    {
        "id": "38",
        "password": "9148062",
        "name": "Shoyakubov",
        "sorename": "Bakhtier",
        "group": "5",
        "time": "4:00",
        "class": "21",
        "teacher": "Shakhnoza"
    },
    {
        "id": "39",
        "password": "530948",
        "name": "Ravshanova",
        "sorename": "Shakhrizoda",
        "group": "5",
        "time": "4:00",
        "class": "21",
        "teacher": "Shakhnoza"
    },
    {
        "id": "40",
        "password": "319620",
        "name": "Ismoilov",
        "sorename": "Sh",
        "group": "5",
        "time": "4:00",
        "class": "21",
        "teacher": "Shakhnoza"
    },
    {
        "id": "41",
        "password": "609438",
        "name": "Anvarov",
        "sorename": "Abdulloh",
        "group": "5",
        "time": "4:00",
        "class": "21",
        "teacher": "Shakhnoza"
    },
    {
        "id": "42",
        "password": "5047856",
        "name": "Rustam",
        "sorename": "Maulenov",
        "group": "1",
        "time": "8:30",
        "class": "21",
        "teacher": "Shakhnoza"
    },
    {
        "id": "43",
        "password": "7048654",
        "name": "Baxtiyor",
        "sorename": "Sizikov",
        "group": "1",
        "time": "8:30",
        "class": "21",
        "teacher": "Shakhnoza"
    },
    {
        "id": "44",
        "password": "40503077",
        "name": "Kamila",
        "sorename": "Golivjonova",
        "group": "1",
        "time": "8:30",
        "class": "21",
        "teacher": "Shakhnoza"
    }
]