[
  {
    "title": "Lesson-1",
    "btn": "Open it",
    "i": "fa-solid fa-book-open",
    "text": "He lives in a very nice house. It is about ten miles from London. There is a big garden all round it , and I went in at the garden gate and walked along the path to the front door",
    "test": "Get started"
  },
  {
    "title": "Lesson-2",
    "btn": "Open it",
    "i": "fa-solid fa-book-open",
    "text": "There is no story here but try test",
    "test": "Try test"
  },
  {
    "title": "Lesson-3",
    "btn": "Open it",
    "i": "fa-solid fa-book-open",
    "text": "The water feels very cold on winter mornings , but I rub myself hard with the towel and soon I feel quite warm",
    "test": "Try test"
  },
  {
    "title": "Lesson-4",
    "btn": "Open it",
    "i": "fa-solid fa-book-open",
    "text": "A day or two ago I wos talking with some people and I didn't quite hear waht one of them said to me , so I said 'if you plase?' That wasn't right , wasit? ",
    "test": "Try test"
  },
  {
    "title": "Lesson-5",
    "btn": "Open it",
    "i": "fa-solid fa-book-open",
    "text": "Some teachers get rather carried away by any new idea and think it is the answer to all their difficulties ",
    "test": "Try test"
  },
  {
    "title": "Lesson-6",
    "btn": "Open it",
    "i": "fa-solid fa-book-open",
    "text": "Aggie was getting tired of this everlasting talk , so she thought to herself , 'if Pluto eats the parrot , I'm sure he can't help talking.'",
    "test": "Try test"
  },
  {
    "title": "Lesson-7",
    "btn": "Open it",
    "i": "fa-solid fa-book-open",
    "text": "There is no story here but try test",
    "test": "Try test"
  },
  {
    "title": "Lesson-8",
    "btn": "Open it",
    "i": "fa-solid fa-book-open",
    "text": "There is no story here but try test",
    "test": "Try test"
  },
  {
    "title": "Lesson-9",
    "btn": "Open it",
    "i": "fa-solid fa-book-open",
    "text": "There is no story here but try test",
    "test": "Get started"
  },
  {
    "title": "Lesson-10",
    "btn": "Open it",
    "i": "fa-solid fa-book-open",
    "text": "There is no story here but try test",
    "test": "Get started"
  },
  {
    "title": "Lesson-11",
    "btn": "Open it",
    "i": "fa-solid fa-book-open",
    "text": "There is no story here but try test",
    "test": "Get started"
  },
  {
    "title": "Lesson-12",
    "btn": "Open it",
    "i": "fa-solid fa-book-open",
    "text": "There is no story here but try test",
    "test": "Get started"
  },
  {
    "title": "Lesson-13",
    "btn": "Open it",
    "i": "fa-solid fa-book-open",
    "text": "There is no story here but try test",
    "test": "Get started"
  },
  {
    "title": "Lesson-14",
    "btn": "Open it",
    "i": "fa-solid fa-book-open",
    "text": "There is no story here but try test",
    "test": "Get started"
  },
  {
    "title": "Lesson-15",
    "btn": "Open it",
    "i": "fa-solid fa-book-open",
    "text": "There is no story here but try test",
    "test": "Get started"
  },
  {
    "title": "Lesson-16",
    "btn": "Open it",
    "i": "fa-solid fa-book-open",
    "text": "There is no story here but try test",
    "test": "Get started"
  },
  {
    "title": "Lesson-17",
    "btn": "Open it",
    "i": "fa-solid fa-book-open",
    "text": "There is no story here but try test",
    "test": "Get started"
  },
  {
    "title": "Lesson-18",
    "btn": "Open it",
    "i": "fa-solid fa-book-open",
    "text": "There is no story here but try test",
    "test": "Get started"
  },
  {
    "title": "Lesson-19",
    "btn": "Open it",
    "i": "fa-solid fa-book-open",
    "text": "Talking about \"seeing off \", do you know the story of the three men who came to Dover station about nine  o'clock one eveing? ",
    "test": "Get started"
  },
  {
    "title": "Lesson-20",
    "btn": "Open it",
    "i": "fa-solid fa-book-open",
    "text": "There is no story here but try test",
    "test": "Get started"
  },
  {
    "title": "Lesson-21",
    "btn": "Open it",
    "i": "fa-solid fa-book-open",
    "text": "There is no story here but try test",
    "test": "Get started"
  },
  {
    "title": "Lesson-22",
    "btn": "Open it",
    "i": "fa-solid fa-book-open",
    "text": "There is no story here but try test",
    "test": "Get started"
  },
  {
    "title": "Lesson-23",
    "btn": "Open it",
    "i": "fa-solid fa-book-open",
    "text": "There is no story here but try test",
    "test": "Get started"
  },
  {
    "title": "Lesson-24",
    "btn": "Open it",
    "i": "fa-solid fa-book-open",
    "text": "There is no story here but try test",
    "test": "Get started"
  },
  {
    "title": "Lesson-25",
    "btn": "Open it",
    "i": "fa-solid fa-book-open",
    "text": "There is no story here but try test",
    "test": "Get started"
  },
  {
    "title": "Lesson-26",
    "btn": "Open it",
    "i": "fa-solid fa-book-open",
    "text": "There is no story here but try test",
    "test": "Get started"
  },
  {
    "title": "Lesson-27",
    "btn": "Open it",
    "i": "fa-solid fa-book-open",
    "text": "There is no story here but try test",
    "test": "Get started"
  },
  {
    "title": "Lesson-28",
    "btn": "Open it",
    "i": "fa-solid fa-book-open",
    "text": "He's a Lancashire man, and nearly everyone in Lancashire likes high tea",
    "test": "Get started"
  },
  {
    "title": "Lesson-29",
    "btn": "Open it",
    "i": "fa-solid fa-book-open",
    "text": "Mary went to the fishmonger's to get some herrings for our supper",
    "test": "Get started"
  },
  {
    "title": "Lesson-30",
    "btn": "Open it",
    "i": "fa-solid fa-book-open",
    "text": "He was showing a charming young lady the skin of a lion that he had shot",
    "test": "Get started"
  },
  {
    "title": "Lesson-31",
    "btn": "Open it",
    "i": "fa-solid fa-book-open",
    "text": "I had never seen such a thing before",
    "test": "Get started"
  },
  {
    "title": "Lesson-32",
    "btn": "Open it",
    "i": "fa-solid fa-book-open",
    "text": "There is no story here but try test",
    "test": "Get started"
  }
]